{"type": "metrics", "dataset": "train", "precision": 0.6427036530572378, "balanced_accuracy": 0.7917949314855897, "recall": 0.6962962962962963, "f1_score": 0.6684274685087362}
{"type": "metrics", "dataset": "test", "precision": 0.5258373205741627, "balanced_accuracy": 0.7182449656698121, "recall": 0.5766002098635886, "f1_score": 0.55005005005005}
{"type": "cm_matrix", "dataset": "train", "true_0": {"predicted_0": 14399, "predicted_1": 1829}, "true_1": {"predicted_0": 1435, "predicted_1": 3290}}
{"type": "cm_matrix", "dataset": "test", "true_0": {"predicted_0": 6082, "predicted_1": 991}, "true_1": {"predicted_0": 807, "predicted_1": 1099}}
